32,0.30455217,1,0.2421875,0.01953125,0,0.0508461
32,0.3036475,1,0.2421875,0.01953125,0,0.10354564
32,0.3087666,1,0.2421875,0.01953125,0,0.1561302
32,0.29977703,1,0.2421875,0.01953125,0,0.2085472
32,0.3032834,1,0.2421875,0.01953125,0,0.26112273
32,0.29924622,1,0.2421875,0.01953125,0,0.31370768
32,0.30629957,1,0.2421875,0.01953125,0,0.36624438
32,0.30290294,1,0.2421875,0.01953125,0,0.4188165
32,0.3006034,1,0.2421875,0.01953125,0,0.4712096
32,0.29984784,1,0.2421875,0.01953125,0,0.5237949
32,0.29908392,1,0.2421875,0.01953125,0,0.57648474
32,0.30075452,1,0.2421875,0.01953125,0,0.62914884
32,0.30333817,1,0.2421875,0.01953125,0,0.68169427
32,0.30427194,1,0.2421875,0.01953125,0,0.7341595
32,0.30336004,1,0.2421875,0.01953125,0,0.78667706
32,0.2960332,1,0.2421875,0.01953125,0,0.8392191
32,0.3037259,1,0.2421875,0.01953125,0,0.891696
32,0.30212677,1,0.2421875,0.01953125,0,0.94416505
32,0.2994106,1,0.2421875,0.01953125,0,0.99669504
32,0.29594043,1,0.2421875,0.01953125,0,1
32,0.30511573,1,0.2421875,0.01953125,0,1
32,0.30102277,1,0.2421875,0.01953125,0,1
32,0.29972893,1,0.2421875,0.01953125,0,1
32,0.30386102,1,0.2421875,0.01953125,0,1
32,0.3021307,1,0.2421875,0.01953125,0,1
32,0.2996073,1,0.2421875,0.01953125,0,1
32,0.29855224,1,0.2421875,0.01953125,0,1
32,0.3060338,1,0.2421875,0.01953125,0,1
32,0.30138585,1,0.2421875,0.01953125,0.81039083,0
32,0.29930952,1,0.2421875,0.01953125,0.0190857,0
32,0.3045704,1,0.2421875,0.01953125,0.013243973,0
32,0.29845405,1,0.2421875,0.01953125,0.02259434,0
32,0.30250287,1,0.2421875,0.01953125,0,0.050778497
32,0.29941687,1,0.2421875,0.01953125,0,0.10331067
32,0.30174524,1,0.2421875,0.01953125,0,0.15586533
32,0.30014786,1,0.2421875,0.01953125,0,0.20850775
32,0.30419487,1,0.2421875,0.01953125,0,0.2607589
32,0.30265296,1,0.2421875,0.01953125,0,0.3129869
32,0.29902157,1,0.2421875,0.01953125,0,0.36543518
32,0.30387422,1,0.2421875,0.01953125,0,0.41789183
32,0.29823792,1,0.2421875,0.01953125,0,0.47048703
32,0.30122927,1,0.2421875,0.01953125,0,0.523198
32,0.30006766,1,0.2421875,0.01953125,0,0.57579297
32,0.29958934,1,0.2421875,0.01953125,0,0.6284632
32,0.2986041,1,0.2421875,0.01953125,0,0.6808393
32,0.29648656,1,0.2421875,0.01953125,0,0.7335321
32,0.30135053,1,0.2421875,0.01953125,0,0.7862109
32,0.30117244,1,0.2421875,0.01953125,0,0.8389101
32,0.303754,1,0.2421875,0.01953125,0,0.8914999
32,0.3000341,1,0.2421875,0.01953125,0,0.9440551
32,0.29878542,1,0.2421875,0.01953125,0,0.99649984
32,0.30300286,1,0.2421875,0.01953125,0,1
32,0.29160386,1,0.2421875,0.01953125,0,1
32,0.3029854,1,0.2421875,0.01953125,0,1
32,0.3057667,1,0.2421875,0.01953125,0,1
32,0.3045904,1,0.2421875,0.01953125,0,1
32,0.29949522,1,0.2421875,0.01953125,0,1
32,0.29718566,1,0.2421875,0.01953125,0,1
32,0.30232963,1,0.2421875,0.01953125,0,1
32,0.30188942,1,0.2421875,0.01953125,0,1
32,0.30017957,1,0.2421875,0.01953125,0,1
32,0.29830313,1,0.2421875,0.01953125,0,1
32,0.30179024,1,0.2421875,0.01953125,0,1
32,0.2942346,1,0.2421875,0.01953125,0,1
32,0.30241454,1,0.2421875,0.01953125,0,1
32,0.30866483,1,0.2421875,0.01953125,0,1
32,0.29749173,1,0.2421875,0.01953125,0,1
32,0.3017593,1,0.2421875,0.01953125,0,1
32,0.30142048,1,0.2421875,0.01953125,0,1
32,0.30323154,1,0.2421875,0.01953125,0,1
32,0.2991797,1,0.2421875,0.01953125,0,1
32,0.3032719,1,0.2421875,0.01953125,0,1
32,0.3049406,1,0.2421875,0.01953125,0,1
32,0.30737656,1,0.2421875,0.01953125,0,1
32,0.303177,1,0.2421875,0.01953125,0,1
32,0.29944426,1,0.2421875,0.01953125,0,1
32,0.29659465,1,0.2421875,0.01953125,0,1
32,0.30581045,1,0.2421875,0.01953125,0,1
32,0.3009628,1,0.2421875,0.01953125,0,1
32,0.29486862,1,0.2421875,0.01953125,0,1
32,0.30405894,1,0.2421875,0.01953125,0,1
32,0.30278498,1,0.2421875,0.01953125,0,1
32,0.29809326,1,0.2421875,0.01953125,0,1
32,0.3056808,1,0.2421875,0.01953125,0,1
32,0.30890855,1,0.2421875,0.01953125,0,1
32,0.30291206,1,0.2421875,0.01953125,0,1
32,0.30381787,1,0.2421875,0.01953125,0,1
32,0.30261955,1,0.2421875,0.01953125,0,1
32,0.30144337,1,0.2421875,0.01953125,0,1
32,0.2931609,1,0.2421875,0.01953125,0,1
32,0.3015456,1,0.2421875,0.01953125,0,1
32,0.30371484,1,0.2421875,0.01953125,0,1
32,0.30306643,1,0.2421875,0.01953125,0,1
32,0.29982775,1,0.2421875,0.01953125,0,1
32,0.30174467,1,0.2421875,0.01953125,0,1
32,0.303963,1,0.2421875,0.01953125,0,1
32,0.30038536,1,0.2421875,0.01953125,0,1
32,0.30520207,1,0.2421875,0.01953125,0,1
32,0.3013335,1,0.2421875,0.01953125,0,1
32,0.3060898,1,0.2421875,0.01953125,0,1
32,0.30319127,1,0.2421875,0.01953125,0,1
32,0.29831114,1,0.2421875,0.01953125,0,1
32,0.30511117,1,0.2421875,0.01953125,0,1
32,0.310134,1,0.2421875,0.01953125,0,1
32,0.30396914,1,0.2421875,0.01953125,0,1
32,0.29440087,1,0.2421875,0.01953125,0,1
32,0.30224714,1,0.2421875,0.01953125,0,1
32,0.29788357,1,0.2421875,0.01953125,0,1
32,0.3028032,1,0.2421875,0.01953125,0,1
32,0.30619884,1,0.2421875,0.01953125,0,1
32,0.3075669,1,0.2421875,0.01953125,0,1
32,0.3075502,1,0.2421875,0.01953125,0,1
32,0.29738408,1,0.2421875,0.01953125,0,1
32,0.3045114,1,0.2421875,0.01953125,0,1
32,0.29877266,1,0.2421875,0.01953125,0,1
32,0.30432123,1,0.2421875,0.01953125,0,1
32,0.30523178,1,0.2421875,0.01953125,0,1
32,0.3044806,1,0.2421875,0.01953125,0,1
32,0.30321562,1,0.2421875,0.01953125,0,1
32,0.30166155,1,0.2421875,0.01953125,0,1
32,0.30076513,1,0.2421875,0.01953125,0,1
32,0.30074948,1,0.2421875,0.01953125,0,1
32,0.3008275,1,0.2421875,0.01953125,0,1
32,0.30438212,1,0.2421875,0.01953125,0,1
32,0.2998876,1,0.2421875,0.01953125,0,1
32,0.30204833,1,0.2421875,0.01953125,0,1
32,0.3027442,1,0.2421875,0.01953125,0,1
32,0.3017468,1,0.2421875,0.01953125,0,1
32,0.30000484,1,0.2421875,0.01953125,0,1
32,0.30695254,1,0.2421875,0.01953125,0,1
32,0.30475634,1,0.2421875,0.01953125,0,1
32,0.3013022,1,0.2421875,0.01953125,0,1
32,0.2984941,1,0.2421875,0.01953125,0,1
32,0.3007032,1,0.2421875,0.01953125,0,1
32,0.30223167,1,0.2421875,0.01953125,0,1
32,0.303013,1,0.2421875,0.01953125,0,1
32,0.30188328,1,0.2421875,0.01953125,0,1
32,0.30554166,1,0.2421875,0.01953125,0,1
32,0.298912,1,0.2421875,0.01953125,0,1
32,0.30119288,1,0.2421875,0.01953125,0,1
32,0.29947367,1,0.2421875,0.01953125,0,1
32,0.30498487,1,0.2421875,0.01953125,0,1
32,0.30620164,1,0.2421875,0.01953125,0,1
32,0.3026438,1,0.2421875,0.01953125,0,1
32,0.30163944,1,0.2421875,0.01953125,0,1
32,0.30254972,1,0.2421875,0.01953125,0,1
32,0.29901356,1,0.2421875,0.01953125,0,1
32,0.29640338,1,0.2421875,0.01953125,0,1
32,0.29876626,1,0.2421875,0.01953125,0,1
32,0.30577153,1,0.2421875,0.01953125,0,1
32,0.302906,1,0.2421875,0.01953125,0,1
32,0.30138278,1,0.2421875,0.01953125,0,1
32,0.29827815,1,0.2421875,0.01953125,0,1
32,0.30878106,1,0.2421875,0.01953125,0,1
32,0.30009547,1,0.2421875,0.01953125,0,1
32,0.30511415,1,0.2421875,0.01953125,0,1
32,0.29709107,1,0.2421875,0.01953125,0,1
32,0.30656734,1,0.2421875,0.01953125,0,1
32,0.30570322,1,0.2421875,0.01953125,0,1
32,0.30169708,1,0.2421875,0.01953125,0,1
32,0.29665476,1,0.2421875,0.01953125,0,1
32,0.30435547,1,0.2421875,0.01953125,0,1
32,0.2992903,1,0.2421875,0.01953125,0,1
32,0.30578485,1,0.2421875,0.01953125,0,1
32,0.30590078,1,0.2421875,0.01953125,0,1
32,0.30385405,1,0.2421875,0.01953125,0,1
32,0.3078009,1,0.2421875,0.01953125,0,1
32,0.2993452,1,0.2421875,0.01953125,0,1
32,0.30133605,1,0.2421875,0.01953125,0,1
32,0.2974381,1,0.2421875,0.01953125,0,1
32,0.30064422,1,0.2421875,0.01953125,0,1
32,0.30165994,1,0.2421875,0.01953125,0,1
32,0.2994061,1,0.2421875,0.01953125,0,1
32,0.29909772,1,0.2421875,0.01953125,0,1
32,0.29939193,1,0.2421875,0.01953125,0,1
32,0.29980677,1,0.2421875,0.01953125,0,1
32,0.30005634,1,0.2421875,0.01953125,0,1
32,0.30836177,1,0.2421875,0.01953125,0,1
32,0.30554998,1,0.2421875,0.01953125,0,1
32,0.30388662,1,0.2421875,0.01953125,0,1
32,0.3006812,1,0.2421875,0.01953125,0,1
32,0.30419332,1,0.2421875,0.01953125,0,1
32,0.3011617,1,0.2421875,0.01953125,0,1
32,0.30001074,1,0.2421875,0.01953125,0,1
32,0.29996857,1,0.2421875,0.01953125,0,1
32,0.30036864,1,0.2421875,0.01953125,0,1
32,0.30456573,1,0.2421875,0.01953125,0,1
32,0.30601573,1,0.2421875,0.01953125,0,1
32,0.30049318,1,0.2421875,0.01953125,0,1
32,0.30194357,1,0.2421875,0.01953125,0,1
32,0.30540973,1,0.2421875,0.01953125,0,1
32,0.30173197,1,0.2421875,0.01953125,0,1
32,0.30477664,1,0.2421875,0.01953125,0,1
32,0.29938936,1,0.2421875,0.01953125,0,1
32,0.30048,1,0.2421875,0.01953125,0,1
32,0.299006,1,0.2421875,0.01953125,0,1
32,0.29871112,1,0.2421875,0.01953125,0,1
32,0.3060541,1,0.2421875,0.01953125,0,1
32,0.30002937,1,0.2421875,0.01953125,0,1
32,0.30274364,1,0.2421875,0.01953125,0,1
32,0.29839328,1,0.2421875,0.01953125,0,1
32,0.30139738,1,0.2421875,0.01953125,0,1
32,0.30125782,1,0.2421875,0.01953125,0,1
32,0.3002796,1,0.2421875,0.01953125,0,1
32,0.29757136,1,0.2421875,0.01953125,0,1
32,0.30193493,1,0.2421875,0.01953125,0,1
32,0.29553023,1,0.2421875,0.01953125,0,1
32,0.2982104,1,0.2421875,0.01953125,0,1
32,0.3010664,1,0.2421875,0.01953125,0,1
32,0.30069178,1,0.2421875,0.01953125,0,1
32,0.30279234,1,0.2421875,0.01953125,0,1
32,0.29894346,1,0.2421875,0.01953125,0,1
32,0.3053902,1,0.2421875,0.01953125,0,1
32,0.30713785,1,0.2421875,0.01953125,0,1
32,0.30187866,1,0.2421875,0.01953125,0,1
32,0.29671293,1,0.2421875,0.01953125,0,1
32,0.3008259,1,0.2421875,0.01953125,0,1
32,0.29618928,1,0.2421875,0.01953125,0,1
32,0.30242693,1,0.2421875,0.01953125,0,1
32,0.29851502,1,0.2421875,0.01953125,0,1
32,0.30075607,1,0.2421875,0.01953125,0,1
32,0.30592924,1,0.2421875,0.01953125,0,1
32,0.30296415,1,0.2421875,0.01953125,0,1
32,0.3027621,1,0.2421875,0.01953125,0,1
32,0.29911387,1,0.2421875,0.01953125,0,1
32,0.305148,1,0.2421875,0.01953125,0,1
32,0.29442942,1,0.2421875,0.01953125,0,1
32,0.29566672,1,0.2421875,0.01953125,0,1
32,0.30176792,1,0.2421875,0.01953125,0,1
32,0.29912603,1,0.2421875,0.01953125,0,1
32,0.3043417,1,0.2421875,0.01953125,0,1
32,0.29984492,1,0.2421875,0.01953125,0,1
32,0.29877985,1,0.2421875,0.01953125,0,1
32,0.30359492,1,0.2421875,0.01953125,0,1
32,0.29897913,1,0.2421875,0.01953125,0,1
32,0.29892468,1,0.2421875,0.01953125,0,1
32,0.30116853,1,0.2421875,0.01953125,0,1
32,0.29874736,1,0.2421875,0.01953125,0,1
32,0.30076388,1,0.2421875,0.01953125,0,1
32,0.30478877,1,0.2421875,0.01953125,0,1
32,0.30682698,1,0.2421875,0.01953125,0,1
32,0.30312672,1,0.2421875,0.01953125,0,1
32,0.29775167,1,0.2421875,0.01953125,0,1
32,0.29622287,1,0.2421875,0.01953125,0,1
32,0.29895896,1,0.2421875,0.01953125,0,1
32,0.29861906,1,0.2421875,0.01953125,0,1
32,0.3031045,1,0.2421875,0.01953125,0,1
32,0.29985288,1,0.2421875,0.01953125,0,1
32,0.29735228,1,0.2421875,0.01953125,0,1
32,0.29929924,1,0.2421875,0.01953125,0,1
32,0.3000185,1,0.2421875,0.01953125,0,1
32,0.3103645,1,0.2421875,0.01953125,0,1
32,0.29565018,1,0.2421875,0.01953125,0,1
32,0.3029065,1,0.2421875,0.01953125,0,1
32,0.3029478,1,0.2421875,0.01953125,0,1
32,0.30458117,1,0.2421875,0.01953125,0,1
32,0.29784888,1,0.2421875,0.01953125,0,1
32,0.29984233,1,0.2421875,0.01953125,0,1
32,0.30817285,1,0.2421875,0.01953125,0,1
32,0.29650787,1,0.2421875,0.01953125,0,1
32,0.30389223,1,0.2421875,0.01953125,0,1
32,0.30528092,1,0.2421875,0.01953125,0,1
32,0.3041254,1,0.2421875,0.01953125,0,1
32,0.30072626,1,0.2421875,0.01953125,0,1
32,0.30504733,1,0.2421875,0.01953125,0,1
32,0.3026625,1,0.2421875,0.01953125,0,1
32,0.30291146,1,0.2421875,0.01953125,0,1
32,0.29998824,1,0.2421875,0.01953125,0,1
32,0.2970427,1,0.2421875,0.01953125,0,1
32,0.29676017,1,0.2421875,0.01953125,0,1
32,0.30431628,1,0.2421875,0.01953125,0,1
32,0.30352247,1,0.2421875,0.01953125,0,1
32,0.30797356,1,0.2421875,0.01953125,0,1
32,0.30696547,1,0.2421875,0.01953125,0,1
32,0.29795346,1,0.2421875,0.01953125,0,1
32,0.30190638,1,0.2421875,0.01953125,0,1
32,0.3043394,1,0.2421875,0.01953125,0,1
32,0.29399034,1,0.2421875,0.01953125,0,1
32,0.30385542,1,0.2421875,0.01953125,0,1
32,0.29718286,1,0.2421875,0.01953125,0,1
32,0.30807614,1,0.2421875,0.01953125,0,1
32,0.3010647,1,0.2421875,0.01953125,0,1
32,0.30611932,1,0.2421875,0.01953125,0,1
32,0.30361718,1,0.2421875,0.01953125,0,1
32,0.3003695,1,0.2421875,0.01953125,0,1
32,0.3012753,1,0.2421875,0.01953125,0,1
32,0.30325833,1,0.2421875,0.01953125,0,1
32,0.29718506,1,0.2421875,0.01953125,0,1
32,0.30230993,1,0.2421875,0.01953125,0,1
32,0.3006311,1,0.2421875,0.01953125,0,1
32,0.30216768,1,0.2421875,0.01953125,0,1
32,0.30393267,1,0.2421875,0.01953125,0,1
32,0.30140463,1,0.2421875,0.01953125,0,1
32,0.29891297,1,0.2421875,0.01953125,0,1
